ID,cuenta,fecha_hora,fecha_nacimiento,edad,pais,ocupaciÃ³n,especialidad,especialidad_2,interes_dentro_ia_datos,interes_fuera_ia_datos,interes_otro,que _con otros_miembros
1,1,2024-09-21,26/09/1985,39,chile,ingeniero agronomo,ciencias agrarias y tecnologias para la agricultura,enologia/ riego y agricultura de precision,"machine learning, big data, vision artificial",tecnologia aplicadas a la agricultura,ia en la educacion,redes de aprendizaje que ne permitan desarrollar mis intereses y con esto aplicar herramientas tecnologicas para la mejora y optimizacion de las producciones agrarias
2,1,2024-09-21,05/04/1978,46,chile,asesor senior un remote sensing & climate change.,"remote sensing, climate change, sustainability, disaster risk reduction, with ml, dl and ai.","gestion hidrica, incendios forestales, sequias, contaminacion.","ml, dl, llm",ia governance,,"ampliar conocimientos y redes, colaborar eficientemente en espacios de tiempo limitado."
3,1,2024-09-21,28/09/1989,35,chile,ingeniero civil industrial,"innovacion y emprendimiento, con foco en tecnologia",,automatizacion con ia,innovacion tecnologica,automatizacion con ia de procesos operativos de pequenas empresas,lograr tener un emprendimiento con miembros de la comunidad
4,1,2024-09-21,29/01/1990,34,mexico,ia expert y shihan de dojo de ia en at&t mexico,ia e investigacion aplicada a la salud. principalmente relacionada con pensamiento a texto.  aunque tambien puedo sumar en ciencia de datos,estudio un master en direccion de proyectos,machine learning y direccion de proyectos,medicina,desarrollo y capacitacion de personal,"una gran comunidad donde entre todos hagamos ciencia, desarrollemos proyectos y podamos tener un impacto grande y fuerte en las empresas y sociedad en general"
5,1,2024-09-21,09/04/1980,44,peru,docente investigador,ia,dba,"big data, maching learning",especialista en didactica para mejorar el aprendizaje,"robotica, fisica y toda nueva tecnologia","me gustaria formar un equipo lider a nivel mundial que desarrolla tecnologia disruptiva en pro de nuestra sociedad, tenemos temas pendientes con ella, necesitamos un liderazgo, que encamine soldados cientificos, pensadores, innovadores en busca ade las grande respuestas a tan grande problemas sociales. la contaminacion, la corrupcion, el desempleo, la salud, la depresion y muchos otros males que aquejan a nuestra amada sociedad, nosotros podemos aportar con una llama incandescente, emergente, que pronto ardera para mostrarnos el camino y posiblemente la verdad."
6,1,2024-09-21,16/03/1996,28,chile,ingeniero industrial actualmente trabajando como desarrollador java,"python y ciencia de datos , java con springboot y rubyo rails",area de interes ingenieria de datos,big data y machine learning,innovacion en campos sociales,"automatizacion de algunos juegos , investigando sobre la ia y filtros automatizados que usan los reclutadores",lograr formar una startup y lograr promover el pensamiento cientifico
7,1,2024-09-21,11/08/1965,59,chile,consultor en compras del estado de chile,ciencias sociales,bases de datos sql,"analisis de textos, procesamiento de lenguaje natural",analisis desde ciencias sociales,hacia donde va el futuro de la ia,me gustaria aportar mi mirada de cientista social en proyectos que lleven integrantes del grupo
8,1,2024-09-21,09/08/1991,33,argentina,"estudiante de tecnicatura analista programador, trabajo como administrativo",programacion y analisis de datos,inteligencia artificial y robotica,machine learning y big data,robotica y programacion,la modernizacion de la educacion junto a la ia,generar una comunidad colaborativa y organizar equipos de trabajos en donde podamos nutricion profesionalmente y personalmente
9,1,2024-09-21,25/07/1968,56,argentina,"medico, especialista en rrhh, docentemedi","medicina, ia en salud, investigacion, docencia",gestion de proyectos,ciencia de datos e ia aplicada a la gestion y tomas de decisiones en salud,"arte digital, innovacion en salud",desarrollarme como experto en ia en salud y en data science,"gestionar proyectos, abordar desde la fortaleza de los datos y la ia las problematicas presentes y futuras de la humanidad ( soledad, envejecimiento poblacional, discapacidad, etc)"
10,1,2024-09-21,11/07/1988,36,chile,analista programador.,desarrollo con integracion de ia,poseo estudios universitarios de salud,entrenamiento de ia,"innovacion en salud y deteccion satelital de minas, agua, tierra, clima, maremotos, tsunami.",desarrollo personalizado,entrenamiento de redes neuronales a pedido por proyecto
11,1,2024-09-22,10/10/1980,44,chile,ceo software factory,ing comercial,travel tech,auto ml y ml ops,turismo,"el impacto de la ai en el ocio, viajes, cultura y recreacion",mi proposito es que la gente viaje mas y mejor
12,1,2024-09-22,12/07/1998,26,peru,machine learning-investigador,fisica (sistemas no lineales),machine learning  (sistemas no lineales),"machine learning, big data",machine learning para la gestion ambiental,impacto de la ia en el medio ambiente,investigacion
13,1,2024-09-22,06/07/1987,37,mexico,"administrador de sistemas en el area de roles y autorizaciones de sap, apoyo tambien en actividades de business consultancy para llevar acabo actividades de project manager.","servicio al cliente, actividades de segregacion de tareas.","soy gerontologo (proceso de vejez, envejecimiento y el adulto mayor)",deseo aprender pln y big data,me gustaria saber mas de innovacion en la salud,me gustaria saber mas de finanzas,
14,1,2024-09-22,18/11/1981,42,chile,"soy ing. civil industrial, con un master en data science de la universidad del desarrollo (udd) de chile y actualmente estoy terminando otro master en direccion y organizacion de sistemas de informacion y comunicaciones de la universidad politecnica de madrid (upm) de espana.  actualmente, trabajo en atencion de publico para emprendedores en programas por subsidios concursables estatales.",el desarrollo de soluciones tecnologicas son de mi interes.,estudios o analisis de datos.,"machine learning, visualizacion, app para celulares.",soluciones funcionales,"el como esta puede ser usada para facilitar el dia a dia de una persona, ya sea en lo personal como en lo laboral.","aprender, a un ritmo comodo, nuevas herramientas para ir complementandola a las que ya conozco, como tambien probar prototipos de ideas de negocios o productos para conocer su viabilidad."
15,1,2024-09-22,22/09/2024,0,venezuela,consultor estadistico,estadistica,ciberseguridad,big data y machine learning,temas estadistica,impacto de la ia en los negocios emergentes,hacer una  retroalimentacion en donde aprendamos de nuestra experiencia profesional y personal para hacer mejores cientificos de datos
16,1,2024-09-22,02/12/1999,24,chile,estudiante de analista programador duocuc,desarrollo web,,nlp,,desarrollo personal en tecnologias emergentes,"en realidad quiero adquirir insight sobre la ia de la mano de gente apasionada por el tema, asi como tambien obtener ideas sobre como y en que aplicar ia en algun futuro proyecto (ya sea personal o de titulo).  tampoco me cierro a la posibilidad de conocer personas y futuros colegas"
17,1,2024-09-22,14/11/1998,25,chile,lead data scientist,mantenimiento predictivo,problemas inversos,deep learning,teoria matematica de los problemas inversos,conexiones entre la fisica y el aprendizaje de maquinas,"me gustaria crecer profesionalmente y ser parte de la comunidad mas grande en ia a nivel internacional. organizar eventos, publicar articulos y aportes a la comunidad open source"
18,1,2024-09-22,08/06/1995,29,chile,"pescador artesanal, haciendo curso de desarrollo fullstack en js",desarrollo web,ltsm y arquitectura transformers,el procesamiento de datos biomedicos,"desarrollo de start-up, el viaje del emprendedor, jobs-tobe-done","salud mental, modelo de bienestar perma","sacar pega en el area de la tecnologia, y no tener que volver por necesidad a la pescar artesanal u tras pegas tan fisicamente demandantes"
19,1,2024-09-22,20/01/1993,31,mexico,desarrollador de software y docente,desarrollo de software,bases de datos,machine learning,procesos en el desarrollo de software,divulgacion de la inteligencia artificial,explorar la divulgacion de conocimientos para el manejo de la inteligencia artificial
20,1,2024-09-22,06/12/2024,-1,chile,"asesor, ingeniero de recursos energeticos","recursos, energia, principios de ia","web dev, domotica, robotica, diseno industrial, ia y ciencia de datos","ml, dl(video, etc.), mlops, genia, llm/rag, geoespacial, biometria corporal, ia en juegos",quantum tech,"climate tech, machine learning aplicado a la economia, ia en el trabajo, interaccion humano-maquina, desarrollo personal en tecnologias emergentes, software development, realidad aumentada/virtual",lograr un evento tipo hackathon
21,1,2024-09-23,14/10/1968,56,argentina,"desarrollador, docente, coordinador pedagogico, contenidista",desarrollo,automatizacion con microcontroladores,machine learning,matematica,retro informatica,democratizar el conocimiento
22,1,2024-09-23,02/03/1993,31,chile,profesor de matematica - data scientist,matematica,juego,big data,convivencia escolar,desarrollo de software y juegos,"emprender, ganar experiencia, aprender y divulgar. ser un aporte a la comunidad y poder vivir de ello"
23,1,2024-09-23,24/05/1999,25,ecuador,analista soc,tecnologia,emprendimiento e innovacion,ai generativa y de clasificacion,innovacion en tareas de biologia,desarrollo sostenible,encontrar ese proposito que permita explotar mis habilidades y dejar huella en la sociedad
24,1,2024-09-23,11/11/1988,35,chile,"data scientist, magister en data science, magister en educacion y licenciado en educacion",data science y educacion,data engineer,big data y machine learning,"epistemologia del conocimiento, etica en la tecnologia",visualizacion de datos,formar parte de algun proyecto que me permita aprender nuevas cosas.
25,1,2024-09-23,13/08/1969,55,chile,"empresario, venta de hw informatico ( servidores, workstations, storage, redes, wifi, gpus) cto, consultor, analista, bombero informatico, solucionador de cachos.","especialista de hardware, servidores, workstations, storage, redes, wifi, equipos para ia con gpus.",fotografo ( old school ) mecatronica robots  cohetes,"dl, ml, analisis de video, llm, prediccion climatica.","innovacion, emprendimiento, startups, coaching tecnologico, coaching enpresarial","cooperacion, cohabitar, energias verdes.","buenos amigos y buenos negocios por mucho tiempo ....    guiar a todos los participantes, con mis mas de 40 anos en el rubro it, a salir adelante en este mundillo, a internacionalizarse y a desarrollar pensando en todos"
26,1,2024-09-23,01/06/1980,44,colombia,profesional en ingenieria electromecanica y especialista en data science y machine learning,ciencia de datos,inteligencia artificial,machine learning,sector electrico,amazon web services,desarrollar proyectos de ia
27,1,2024-09-23,17/02/1980,44,chile,ingeniero de datos,"desarrollo de software, ingenieria de datos",machine learning,"machine learning, big data",innovacion en salud,tecnologias emergentes,"un proyecto en comun, donde podamos aportar, y que el mundo nos pueda conocer por eso"
28,1,2024-09-23,27/02/1995,29,chile,directora de operaciones y proyectos.,llm,proyectos,machine learning - nlp,,,
29,1,2024-09-23,10/02/1975,49,argentina,desarrollador de software,desarrollo de software,accesibilidad,computer vision,creacion de juegos (de mesa y videojuegos),impacto de la ia en la inclusion y accesibilidad,una herramienta open source que use ia para ayudar a personas (de ser posible de algun grupo minoritario) a integrarse en la sociedad
30,1,2024-09-23,19/05/2001,23,peru,"politologo, he sido analista tributario",ciencia politica,data science y/o economia,"me gusta mas el ml por sus aplicaciones en mi carrera, pero el tema del pln me parece muy util a nivel personal como un asistente etc. me gustan varios temas",comportamiento electoral,impacto de ia en ccss y todos los tipos de aplicaciones,"aprender mucho y crear una verdadera comunidad, es la primera vez que estoy en un grupo tan unido y mejor si es de data science. lo que odiaria crear es un grupo que se aproveche de alguna forma (ejemplo: que se cobre cupo por entrar destinado para compartir cursos o logistica para reuniones y que en la practica se lo queden las cabezas todo para uso personal)"
31,1,2024-09-23,31/01/1989,35,chile,soy ing. en administracion experto en gestion calidad y estudiante de informatica y data science,control de gestion,espero que sea data science,machine learning,innovacion empresarial,ia en la empresa,por ahora aprendizaje y colaboracion
32,1,2024-09-23,13/11/1980,43,argentina,"ama de casa. estoy buscando trabajo freelance, en el proceso haciendo cursos",desarrollo de software,ia,machine learning,desarrollo de software,procesamiento del lenguaje natural,aprender mucho. desarrollar nuevas habilidades y explotar las habilidades que ya poseo. participar en proyectos desafiantes e innovadores.
33,1,2024-09-23,17/06/1991,33,chile,director de operaciones en jhedai,"medio ambiente, ciencia en general",ia,vision por computadora,asesoria en ia,ia en la industria en general,crecer y ser la comunidad de ia mas grande de latam
34,1,2024-09-23,17/05/1980,44,colombia,qa manual tester,estoy especializado en el area de pruebas de software.,iniciando aprendizaje sobre analista de datos,analisis de datos,modelado 3d,como utilizar la ia para crear videos en 3d,mejorar los skills en el area de analisis de datos e ia
35,1,2024-09-23,05/02/1990,34,chile,estudiante de doctorado,ia,computer vision,machine learning,salud y mineria,impacto de la ia,crear un bonita comunidad en la cual se compartan los conocimientos y se ayuden mutuamente.
36,1,2024-09-23,12/02/1994,30,chile,quimico farmaceutico,farmacologia,bioinformatica/ astrobiologia/ estudiante de astronomia,machine learning,astrobiologia: origen de la vida / coheteria experimental,coheteria experimental.,aprender cosas
37,1,2024-09-23,22/12/1972,51,chile,ciso (oficial de seguridad de la informacion y ciberseguridad),seguridad de la informacion y ciberseguridad,seguridad de la informacion y ciberseguridad,"conozco muy poco del tema, me interesa ampliar mi conocimiento",seguridad de la informacion y ciberseguridad,ninguna,obtener el conocimiento basico y necesario para aplicar ia en mi area de especializacion.
38,1,2024-09-23,12/08/2002,22,bolivia,estudiante y trabajo en el equipo de datos,desarrollo de software y inteligencia artificial,"inteligencia artificial, especificamente vision artificial y llm",big data y como darle un uso a esos datos,"etica,",investigacion (como es todo ese proceso y las partes que lo compone),"poder crear actividades, vinculos colaborativo y proyectos"
39,1,2024-09-23,21/09/1991,33,chile,"ceo de jhedai, empresa de soluciones de inteligencia artificial",soluciones de inteligencia artificial,computacion cuantica,llm (large langue model),computacion cuantica,exploracion espacial,colaborar en proyectos y desarrollar productos
40,1,2024-09-23,15/05/1998,26,chile,ingeniero de datos semi-senior / data science junior,ing de datos,matematicas teorica,"big data, nlp, dp",fundamentos de la ing de datos,"filosofias aplicadas dentro de la ia, programacion y/o ingenieria","de momento aprender y ver distintos puntos de vistas, asi formar conocimiento del conocimiento y asi poder transmitir tambien, mas adelante formar parte de un equipo multidisciplinario en el que apasionadamente todos podamos trabajar en algo que nos levante pasion."
41,1,2024-09-23,27/07/1996,28,chile,analista de teledeteccion,geomatica,deep learning y machine learning,"deep learning, procesamiento de lenguaje natural","innovacion en salud, trading y bolsa de valores",deep learning aplicado geomatica,me gustaria lograr proyectos e incluso crear empresas startups para congeniar las ideas. con mis conocimientos geoespaciales puedo aportar lo que se necesite
42,1,2024-09-23,25/11/1986,37,chile,especialista en ergonomia,salud ocupacional,kinesiologia y ergonomia,parocesamiento lenguaje natural y modelos predictivos con ml,innovacion en salud y seguridad en el trabajo,"aplicaciones de ia para capacitacion, actualizacion de conocimientos, digitalizacion y automatizacion de procesos","generar red para compartir informacion, conocimiento, recursos , estrategias practicas que sirvan en nuestros trabajos cotidianos y en potenciar la calidad de vida de todos"
43,1,2024-09-23,15/04/1977,47,bolivia,docente investigador,matematica,programacion,sciml (scientific machine learning),fisica,pricipuos fair y ceincia abierta,conocimiento
44,1,2024-09-23,31/12/1988,35,argentina,desarrolador de software y analista de datos,medicina y ciencias de datos,analista de datos,"machine learning, analisis de datos",medicina y salud,el impacto de los datos para mejorar el nivel de la salud,mejorar y crecer profesionalmente
45,1,2024-09-23,05/10/1997,27,mexico,abogado,derecho tecnologico y corporativo,proteccion de propiedad intelectual y patentes,machine learning,temas de lawtech,legaltech,crear articulos juntos y una comunidad de abogados especialistas
46,1,2024-09-23,21/06/1991,33,chile,fullstack developer,desarrollo web,bases de datos en general,"data warehouses, sql y big data en general",desarrollo de software,"estoy estudiando etl y visualizacion de datos de forma autonoma, posteriormente estudiare un poco de machine learning","cambiarme al area de ing. de datos, ya que siempre fue mi area favorita desde que estaba estudiando, y empezare un master de big data y visualizacion de datos en noviembre de este ano"
47,1,2024-09-23,,0,colombia,analista de datos,logistica,logistica,data science,ecommerce,programacion,profesionalismo
48,1,2024-09-23,08/12/1978,45,chile,"ingeniero geomensor usach, magister teledeteccion universidad mayor. me gustan la ciencias y la informatica, en especial el desarrollo de inteligencia artificial. actualmente me encuentro dedicado al cuidado de mi madre con alzheimer.","geomatica, teledeteccion, inteligencia artificial",full stack java,deep learning,ciencias en general (no sociales),inteligencia artificial aplicado en ciencias.,desarrollar proyectos aprendiendo de la comunidad y entregar mi aporte a ello tambien.
49,1,2024-09-23,20/06/2001,23,chile,candidato en magister en fisica,"fisica, matematica, programacion en python, computacion cuantica",nop,"machine learning, deep learning y sus aplicaciones a problemas fisicos y matematicos",computacion cuantica,,1) generar comunidad 2) aprender sobre cosas que no se 3) colaborar en proyectos propios o de 3ros
50,1,2024-09-23,13/07/1981,43,argentina,"ingeniero civil, profesor universitario, especialista en gerenciamiento de empresas","ingenieria, ventas","ingenieria sanitaria, informatica",machine learning,"tecnologia, energias renovables",visualizacion de datos,una empresa multinacional
51,1,2024-09-23,31/12/1991,32,colombia,gerente de riesgos financieros,riesgo de credito,iniciando en rstudio y en python,machine learning,credito,musica y creacion musical,herramientas poderosa que permita otorgar creditos a personas que no tienen acceso debido a su historial crediticio
52,1,2024-09-24,20/09/1948,76,argentina,emprendedor social  desarrollando el proyecto sin fines de lucro solidarita.org,emprendimientos sociales y medicina natural,desarrollador de emprendimientos sociales relacionados con la creacion de trabajo permanente para personas desempleadas,"lamentablemente a mis 75 anos y muchas canas y experiencias despues de vivir 25 anos en argentina, 25 en sudafrica y los ultimos 25 en espana ...no puedo aportar nada dentro del campo de la ia... pero si puedo aportar mucho dentro del campo de inteligencia emocional donde mis logros incluyen el ser felicitado personalmente por el presidente nelson mandela de sa, el presidente raul alfonsin de argentina y el presidente rodriguez zapatero de espana, al igual de haber sido nominado al premio principe de asturias de espana, a emprendedor social del ano por la fundacion ashoka.... y a haber desarrollado el proyecto trabajo para todos en 2006 en espana donde se creaban 474.000 trabajos en 3 anos...",salud natural de acuerdo a las cgn - caracteristicas geneticas nutricionales de las personas,estoy explorando hasta donde una inteligencia artificial solidaria puede ayudar a los objetivos del proyecto solidarita.org de crear millones de equipos de teletrabajo y de teletrabajadores independientes con ingresos justos dignos y permanentes  para asi poder llevar salud natural gratuita a todos los confines de la tierra... permitiendo ayudar a hacer un mundo mejor y mas justo para todos...,"me gustaria lograr desarrollar y poner en marcha la 1era ia solidaria del mundo... y asi que todos juntos podamos cambiar el mundo y/o hacer de este uno mejor y mas justo para todos los seres humanos.        la solidaridad es la clave, ya que como bien dice el papa francisco quien apoya el proyecto:  ***nunca he visto un camion de mudanzas detras de un cortejo funebre, solo podreis llevaros el amor y la solidaridad que hayas dado a los demas***          y precisamente -causalmente de eso va el proyecto solidarita.org ...               tres cosas hay en la vida  *salud, dinero y amor* ,, y este proyecto lleva esas 3 cosas :                               1) salud... llevando salud natural gratuita para todos...                                                                   2) dinero... llevando teletrabajo fuente natural y honesto de obtenerlo...           3) amor... llevando solidaridad, alimento y fuente natural del amor...                                   gracias gracias gracias"
53,1,2024-09-24,27/07/1954,70,peru,docente,ing. de sistemas,ciencia de datos,machine learning,etica en la ia,computacion cuantica,desarrollar programas que resuelvan problemas criticos de la termodinamica.
54,1,2024-09-24,14/05/1986,38,peru,docente universitario,matematicas y programacion,automatizacion industrial,reinforcement learning,"hay muchos temas relacionados con las ciencias matematicas, estadisticas y computacionales que son de mi interes.",el tema de analisis de datos geoespaciales.,"hay temas de mi interes en la comunidad, asi que espero lograr compartir y adquirir nuevos conocimientos."
55,1,2024-09-24,29/01/1962,62,chile,seguridad de la informacion gestion,gestion de tecnologias,ciberseguridadmacji,machine learning,ia al servicio de los pronosticos meteorologicosinter,interpretacion de imagenes en videos,aportar a la mejora de los procesos internos de mi organizacion
56,1,2024-09-24,12/01/1980,44,peru,econmista,estadisticas,mi area de interes es el big data,machine learning,proyectos,seguridad ciudadana,aprender todo sobre el big data e ia
57,1,2024-09-24,13/12/2003,20,mexico,creador de contenido,deep learning y machine learning,vendo tamales jeje,machine learning y deep learning,edicion de video,la historia de la ia proximamente ejemplos de eso en mi canal.ðŸ‘€,crear contactos pero sobre todo poder algun dia tener una conversacion y subirla a youtube para que el mundo la conozca
58,1,2024-09-24,07/06/1987,37,costa rica,project manager y profesor universitario,desarrollo de software y gestion de proyectos,power bi,procesamiento de lenguaje natural,musica,.,un proyecto de impacto mundial
59,1,2024-09-24,28/10/1988,35,peru,trainee en computer vision y ingeniero consultor de fluidos de perforacion,"oil & gas, ciencia de datos, restaurantes",computacion cuantica (interes),"machine learning, pln, computer vision",perfeccionar el idioma ingles (interes),uso de la ia en la perforacion de pozos petroleros,"colaborar en proyectos, generar algun tipo de negocio, compartir conocimiento."
60,1,2024-09-24,12/08/1979,45,colombia,arquitecto de soluciones,arquitectura de software,blockchain,arquitectura de datos,informacion: la economia de los datos.,casos de uso reales de blockchain que no involucren criptomonedas.,una red de contactos para poder saber: quien sabe lo que usted no sabe...
61,1,2024-09-24,25/05/2003,21,ecuador,ingenieria en ciencias computacionales,machine learning (basico),seguridad informatica,machine learning,,el uso de los modelos de aprendizajes para detectar enfermedades (generales),"desearia crecer en mis habilidades y conocimientos en mis temas de interes que son muy relacionados con la mayoria de los miembros del grupo, lograr crear proyectos, equipos donde todos aprendamos uno del otro"
62,1,2024-09-24,28/06/1989,35,colombia,analista de datos,salud,ciencia de datos,big data,power bi,econometria,poder afianzar conocimientos en python sql
63,1,2024-09-24,22/10/1984,39,chile,"coordinador tecnologico, estudiante de doctorado, docente",integracion tecnologica,ia generativa,ia generativa,tecnologia de soporte a los procesos de investigacion.,simulacion de islas de calor en ciudades.,conocer mas sobre aspectos tecnologicos de frontera.
64,1,2024-09-24,27/12/2000,23,colombia,analista de datos,analista de datos,desarrollo de software,"ml, nlp",etica de ia,visualizacion de datos,aprender mas
65,1,2024-09-24,08/10/1973,51,el salvador,administrador de empresas,project management,psicoterapia,machine learning & data analysis,innovacion tecnologica,desarrollo e ingenieria humana,"1. conocimiento. 2. networking para posibles proyectos. 3. amistad, apoyo."
66,1,2024-09-24,19/05/1982,42,chile,desarrollador de software,"backend, devops",tecnologia,"machine learning, procesamiento de lenguaje natural, big data",infraestructura,aws,hacer un proyecto
67,1,2024-09-24,31/03/1989,35,colombia,"soy ingeniera de software graduada hace poco en busqueda de trabajo, tengo es experiencia laboral en marketing digital",marketing digital,react native,"estoy iniciando, me gustaria aprender mas sobre el machine learning",aplicaciones moviles,desarrollo movil,aportar en el crecimiento de conocimientos del grupo
68,1,2024-09-24,28/09/1998,26,mexico,consultor de ia,gestion de proyectos de ia,rags,data minning,desarrollo empresarial,etica y filosofia x ia,ser iconos en latam
69,1,2024-09-24,23/09/1991,33,peru,data science,"nlp, llm",full stack developer,"nlp, llm",startups,impacto de los llm en aplicaciones industriales o a negocios,formar una comunidad tipo mastermind donde podamos todos crecer en grupo y aportar avances en ia
70,1,2024-09-24,28/04/2002,22,colombia,estudiante de biologia y data science de manera autonoma,biotecnologia y bionformatica,solo lo mencionado anteriormente,machine learning y big data,biotecnologia,"el emprendimiento, no se si cuenta","me gustaria generar hacer parte de la comunidad, generar debates sobre ciencia y tecnologia y conocer gente que tenga los mismos intereses para quizas en un futuro hacer proyectos o emprender"
71,1,2024-09-25,17/01/1986,38,chile,soy cientifico de datos y me desempeno como director ejecutivo de inteligencia artificial en una empresa de desarrollo de inteligencia artificial llamada jhedai.,me siento mucho mas especializado en todo lo que es pensamiento matematico y resolucion de problemas. mi profesion es docente de matematica y es un area que se me da  muy bien de pequeno.,no la verdad,creo que lo que mas me apasiona es el machine learning con sus servicios de predicciones y clasificacion. lo que mas me gusta es analizar los datos que tengo en mis manos.,"me interesa bastante el mundo del emprendimiento,e s un area en el que estoy muy interesado.",no la verdad,"una cosa que me gustaria lograr en conjunto a otros miembros es desarrollar proyectos de alto impacto, tanto para la sociedad como para el medio ambiente"
72,1,2024-09-25,28/03/1994,30,chile,ingeniero,automatizacion,nada aun,procesamiento de imagenes con cnn,innovacion,no por ahora,desarrollar soluciones innovadoras y softwares que permitan solucionar problemas
73,1,2024-09-26,19/02/1987,37,chile,desarrolladora frontend,inclusion,desarrollo de software,machine learning,innovacion en educacion diferencial,impacto de la ia en inclusion laboral,"me gustaria ser parte de la organizacion, puedo aportar mis conocimientos como inclusion y discapacidad, pues estoy organizando un evento enfocado en discapacidad y stem el 14 de diciembre con el apoyo de wtm (women tech makers)."
74,1,2024-09-26,08/04/2005,19,republica dominicana,soy estudiante y programador python en  ciencia de datos e ia.,desarrollo de software.,area de interes: bioinformatica.,modelos de deep learning como la vision por computadora y llms de codigo abierto.,accesibilidad,emprendimiento social,"junto con este grupo quisiera que nosotros desarrollasemos algun software orientado hacia romper una barrera de inaccesibilidad que sufren las personas con algun tipo de discapacidad especifica. tengo muchas ideas, pero un ejemplo seria desarrollar un asistente virtual para pc, como siri o alexa, para que responda preguntas consisamente y que responda a preguntas sobre imagenes. esto garantizaria el diseno universal a la vez que seria util a personas con discapacidad visual."
75,1,2024-09-26,31/10/1971,52,peru,"disruptive trainer: softkills, agile, teambuilding... y aprendiendo de la ia. con experiencia de anos en cobol, sql, rgp ambientes as/400, aprendiendo mainframes y web3","desarrollo de software, gestion de equipos, gestion de proyectos",scrum trainer y agile coach,"interes en rag, llms, chatbots con ia",hacer y/o participar de: bootcamps y hacktahons,web3,"que todos crezcamos en lo que nos deseamos, nos apasiona y ayudar a los demas en la medida de nuestros conocimientos y expertise para ser una gran comunidad y referente en toda latam!!!"
76,1,2024-09-26,06/11/1995,28,chile,geografo,spatial data science,deep learning y machine learning geoespacial,machine learning y deep learning,medioambiente y gis,ia en analisis espacial en salud,metodologias predictivas para fenomenos naturales y sociales
77,1,2024-09-26,20/03/1976,48,chile,"ingeniero en informatica, licenciado en educacion, actualmente estudiando ingenieria en ciencias de datos","sql, consultoria, soporte multinivel, redes, ia",no,procesamiento de lenguaje natural,las tic en medicina,fotografia macro,"ejecutar algun tipo de proyecto de alto impacto, que repercuta a nivel global o latinoamericano al menos."
78,1,2024-09-26,23/03/1994,30,chile,desarrollador,chatbots,pixel art,llm,arte digital,ia's generativas,"sueno con un trabajo, por el amor de dios"
79,1,2024-09-26,29/05/1986,38,chile,analista de administracion de proyectos y analista de datos,"ciencia de datos, business intelligence y transformacion digital",ciberseguridad m,"machine learning, big data, herramientas de bi",astronomia,history telling y analisis de datos,"aprender y ensenar mas acerca de las diferentes disciplinas, compartir experiencias y proyectos. mejorar como profesional aun mas"
80,1,2024-09-26,05/12/1985,38,chile,encargado de informatica,plataforma ti,ciberseguridad,ia,innovacion tecnologica,powerbi,aprender y aplicar en mi ambiente laboral
81,1,2024-09-27,09/02/1990,34,chile,profesor universitario e investigador,ingenieria quimica,informatica de procesos y ciencia de datos aplicado a la ingenieria quimica,"diagnostico y monitoreo, serie de tiempo y deep learning informada por la fisica",procesos de conversion de energia y reciclaje,procesamiento de imagenes digitales e nlp para extraccion de informacion de articulos cientificos,"si da la posibilidad de conocer profesionales asociado con el area de la ingenieria quimica, ingenieria de procesos o ingenieria metalurgica me gustaria formar una consultara que brinde servicios de transformacion digital, industria 4.0, machine learning e inteligencia artificial a plantas de procesamiento de minerales e industrias de procesos."
82,1,2024-09-27,18/12/1970,53,chile,analisis de delitos,bases de datos,no,machine learning,patrones delictuales,visualizacion de datos,crear un analisador de texto de relatos delictual
83,1,2024-09-28,08/10/1973,51,el salvador,"administrador de empresas con conocimientos y experiencia en marketing, programacion y project management. principiante en data science. psicologia.","en el area de planificacion y desarrollo, creo y/o tomo las ideas y les doy desarrollo hasta hacerlas un modelo de negocio a traves de comprobar su viabilidad.","gerencia de operaciones en cualquier especialidad. liderar y consolidar grupos, dirigir personas hacia un fin comun.",machine learning.,"temas psicologicos y de comportamiento humano, reacciones emocionales.",visualizacion de datos. desarrollo personal en tecnologias emergentes.,"primeramente consolidar un equipo de trabajo en el que la excelente relacion interpersonal permita estar al servicio uno del otro, enfocado en un fin comun de crear productos o servicios que satisfagan una necesidad humana en cualquier area definida o varias."
84,1,2024-09-30,04/01/1990,34,peru,"analista de datos, candidato a actuario",ia para automatizar y generar conocimiento,machine learning,modelos predictivos relacionados a los gastos en salud,estadistica,pronosticar gastos en salud,"por ahora escucharlos, tengo el tiempo ajustado"
85,1,2024-09-30,18/02/1973,51,ecuador,docente universitario y emprendedor independiente asociado a soluciones de hardware y software en servidores y estaciones de trabajo.,"mi fuerte diria que es estadistica, econometria y bueno tambien desarrollo, me adapto facilmente",de profesion ingeniero electronico  especialidad telematica,machine learning,analisis de datos,me gusta los analisis de datos asocidos al entorno social,"busco formar parte de un grupo investigadores, que se comprometan con obtener resultados que aporten al desarrollo de la sociedad y que marque un antes y despues."
86,1,2024-09-30,18/03/1978,46,ecuador,profesor universitario,electronica,automatica y robotica,machine learning,programacion r y python,inteligencia artificial enfocado a la robotica industrial,generar una ia aplicado a solucion del aprendizaje colaborativo en la generacion de protesis y movilidad para personas con capacidades especiales
87,1,2024-09-30,07/08/1980,44,chile,"lider de una celula de ciencia de datos, y emprendedor en productos relacionados con ia","desarrollo de software por el lado del backend, y por otra parte inteligencia artificial y modelos  de machine learning destacando en nlp","liderazgo y planificacion agil de desarrollo de software, creacion de productos centrados en el cliente.",procesamiento de lenguaje natural,arquitectura de software / desarrollo de software,las ciencias en general,un espacio de transferencia de experiencias y conocimiento abierto
88,1,2024-09-30,27/11/1971,52,mexico,estudiante de ingenieria en desarrollo de software,investigacion de operaciones,area de intereses ia,big data,etica,mayormente manejo de datos,aprender de los mejores hasta lograr un portafolio
89,1,2024-09-30,02/10/1973,51,chile,emprendedor utilizando soluciones ia,desarrollo de productos digitales en telecomunicaciones,metodologia agil,automatizacion,automatizacion,hardware y software de ia,poder emprender en conjunto con todo el equipo apoyandonos y dando lanposibilidad de apoyar a las personas que no se han sumado al mundo de la ia
90,1,2024-09-30,21/05/1968,56,peru,desarrollador,desarrollo de software interes,"intereses sin mucho tiempo para: hacking, ia","los chats inteligentes de derecho o en salud, me gustaria especialmente poder simular un juicio talvez entre varias ias donde una ia sea el juez, otro el fiscal,otra el acusado otro el abogado defensor, todos entrenados en la misma norma, pero diferentes puntos de vista",no se si mis conocimientos estan como para compartir,he visto algo de azure openai pero no se me ocurren ideas (que no existan ya) de lo que se pueda realizar con eso.,"lo del juicio entre ias, tal vez algo acotado para iniciar, lo de la salud un medico virtual para para enfermedades livianas y asi poder reducir la carga de el seguro."
91,1,2024-09-30,18/09/1990,34,chile,desarrollador web fullstack java,medicina,ciberseguridad,hacking etico,no se,lenguajes,aprender y ayudar
92,1,2024-09-30,02/12/1998,25,colombia,estudiante,me gusta el desarrollo de software pero no siento que aun este especializado en este ambito pero estoy en proceso de aprendizaje,"no, pero me gustaria aprender ciberseguridad",machine learning,desarrollador full stack,visualizacion de datos,aprender lo mas que me sea posible
93,1,2024-10-01,07/01/1979,45,mexico,analista de datos,finanzas,ciberseguridad,ia,finanzas,tecnologias emergentes,generar una comunidad que nos ayudemos a lograr nuestros suenos
94,1,2024-10-01,23/05/1990,34,argentina,"actualmente soy socia fundadora de rio data analisis, nos dedicamos a realizar tableros de control, modelos predictivos regresionales y actualmente trabajamos en desarrollar agentes q&a con el objetivo de tener un nuevo producto aparte de los servicios de consultoria. soy biologa, con un doctorado en ciencias de la tierra, donde trabaje algoritmos clasificatorios basados en distribucion espacial, geolocalizacion y analisis morfometrico y poblacional de distintas especies de estrellas y erizos de mar. una vez fuera de conicet (por el contexto actual argentino) junto a un socio, nos dedicamos a sumar ia a los servicios de consultoria en el area de educacion, geologia, biologia y energias renovables","biologia, geologia, bioestadistica, analisis de datos, modelos predictivos","ia generativa, agentes",rag y npl,datos para la toma de decisiones,desarrollo de agentes para automatizacion de tareas y recopilacion de informacion,me gustaria aprender junto a los demas sobre desarrollo y produccion. mi gran falencia radica en no poder llevar a produccion ninguna de las ideas en desarrollo. tambien me gustaria explorar soluciones ambientales y de sostenibilidad que se puedan realizar con ia y analisis de datos... y muchas cosas mas...
95,1,2024-10-02,01/12/1988,35,espana,"soy ingeniero mecanico, y llevo 2 anos autoformacion en programacion en python, mi idea es poder utilizar el ml para analisis financiero y poder crear un boot de trading",mecanica,trading algoritmico,ml,cad/cam,trading algoritmico,crear un boot de trading
96,1,2024-10-02,23/09/1982,42,peru,ingeniero metalurgico,ciencia de datos machine learning redes neuronales,ciencia de datos machine learning redes neuronales,machine learning,inteligencia artificial en salud,imagenes satelitales,compartir informacion integrar capacidades para bienes comunes
97,1,2024-10-03,24/11/1992,31,chile,"desarrollador independiente, actualmente me encuentro desarrollando software independiente, haciendo todo yo jajaja.",desarrollo web y servidores linux,"me interesa mucho el analisis de datos, pero estoy buscando mis primeras experiencias",elaboracion de chatbots (procesamiento de lenguaje natural),etica en la tecnologia,analisis de datos del espacio,"formar parte de un grupo colaborativo, donde podamos hablar de tecnologia, aprender y quiza armar un lindo proyecto <3"
98,1,2024-10-03,02/07/1981,43,ecuador,desarrollados de software,desarrollo de software,backend,machine learning,bigdata,pln,generar un conocimiento libre y accesible
99,1,2024-10-03,07/09/1970,54,mexico,desarrollador de software,seguros pensiones,big data,machine learning,equipos de trabajo,visualizacion de datos,aprender ia y enriquecer este grupo con mi experiencia.
100,1,2024-10-03,20/12/1995,28,chile,vision computacional para imagenes medicas,matematicas aplicadas,matematicas aplicadas,deep learning,matematicas aplicadas,trading cuantitativo,chamba
101,1,2024-10-03,22/12/1975,48,argentina,medico,medicina,no,distintas aplicaciones practicas en medicina,innovacion en salud,utilizacion de la ia en medicina,"una comunidad en donde se compartan experiencias, recursos etc para lograr un avance"
102,1,2024-10-03,24/02/2024,0,chile,analista de seguridad dela informacion,seguridad de la informacion,ciberseguridad,machine learning,erica en la tecnologia,privacidad de datos,consolidar una comunidad referente para latinoamerica de la ia
103,1,2024-10-03,02/05/1982,42,mexico,estudiante posgrado,desarrollo de software,machine learning,machine learning,pln,algoritmos bioinspirados,conocimiento practico
104,1,2024-10-03,03/12/1998,25,chile,estudiante de ingenieria civil industrial de la universidad diego portales,business intelligence,logistica y cadena de suministro,"machine learning, big data y deeplearning.",etica en la tecnologia,visualizacion de datos,"poder crecer a nivel profesional ya que estoy terminando mi carrera y hasta el momento gracias al grupo he recibido buen material y referencias en cuando cursos, aun estoy partiendo en este mundo pero soy alguien muy apasionado que le gusta estar siempre aprendiendo algo nuevo. espero en futuro dedicarme de lleno al mundo de los datos pero aun camino por recorrer para llegar a eso, es por esto que oportunidades como estas las valoro mucho y tengo total disponibilidad de participar de ellas."
105,1,2024-10-04,12/06/1985,39,chile,profesor de fisica y matematicas,fisica,ingenieria de datos,machine learning y big data,fisica computacional,ia en los negocios,incrementar y fortalecer el portafolio de proyectos
106,1,2024-10-04,06/04/1989,35,chile,fisico y cientifico de datos,"ciencia de datos y analitica avanzada, desarrollo",fotografo,series de tiempo y machine learning en gral,inteligencia artificial,datos geo espaciales,compartir conocimientos y oportunidades laborales
107,1,2024-10-04,27/11/1978,45,peru,consultor y especialista en accesibilidad digital,accesibilidad digital,soy ingeniero de sistemas e informatica con un postgrado en accesibilidad y diseno universal. diseno mapas hapticos con componentes cognigtivos. diseno de espacios fisicos con componentes de accesibilidad.,"todas. machine learning, procesamiento de lenguaje natural, big data",accesibilidad e inclusion digital,"impacto de las ia en la inteligencia emocional. impacto de las ia en el desarrollo humano.  impacto de las ia en la accesibilidad digital impacto de las ia en medicina, biologia.",aprovechar los beneficios de las ia. networking con personas que tengas intereses comunes. desarrollo de proyectos mas especializados y tangibles con las ia
108,1,2024-10-04,19/02/1976,48,chile,gerente de continuidad operacional,"ingenieria informatica, finanzas e inversiones","telecomunicaciones, servicios ti e ia",deep learning y machine learning,la ia en el mundo de las finanzas e inversiones,econometria e inferencia estadistica,desarrollos predicitivos
109,1,2024-10-04,23/01/1994,30,colombia,analista de datos,economia,analisis de datos,machine learning,programacion en r,visualizacion de datos,desarrollar un mayor nivel de programacion en r
110,1,2024-10-04,14/07/1988,36,ecuador,desarrollador dwh,bases de datos,desarrollo backend,big data,microcontroladores,desarrollo web,"mi sueno es ver a latam prosperar en tecnologia, por lo que me gustaria contribuir al crecimiento de esta comunidad y fomentar proyectos que impulsen la tecnologia en la region, inspirando a mas personas a unirse a este campo clave para el desarrollo de latam, siguiendo el ejemplo de innovacion y progreso de asia."
111,1,2024-10-04,12/10/1986,38,colombia,licenciado en matematicas,ingenieria,estadistica,machine learning,matematica aplicada,visualizacion de datos,identificador de plantas
112,1,2024-10-05,12/09/1982,42,colombia,desarrollador backend,desarrollo de software,devops,arquitectura de datos,automatizacion de procesos,telemedicina,coworking y aprendizaje
113,1,2024-10-05,05/06/2001,23,mexico,cientifico de datos y analista de riesgos financieros,"machine learning, estadistica, matematicas financieras",industria 4.0,redes neuronales,finanzas y business inteligence,impacto de ia en la medicina,compartir experiencia
114,1,2024-10-05,05/10/1997,27,mexico,asesor legal especialista en tecnologia y patentes,derecho informatico,derecho en ciberseguridad e ia,marco juridico de la ia a nivel internacional,lawtech y legaltech,legalidad y limites eticos sobre el uso de informacion para alimentar ia.,convertirnos en un renombrado club de especialistas tomados en cuenta por gobiernos para encargarnos normativas y opciones viables de proyectos tecnologicos
115,1,2024-10-05,15/08/1975,49,chile,estudiando,agilidad,no,todos,ninguno,visualizacion de datos,avanzar temas de ia
116,1,2024-10-05,19/09/1991,33,bolivia,analista de datos,visualizador de datos y matematicas,ecuaciones diferenciales,big data,antropologia digital,biotecnologia,resolver problemas mundiales
117,1,2024-10-05,01/09/2000,24,ecuador,estudiante,economia,programacion,machine learn ing para credit scoring,machine learn ing para ciencias sociales,visualizacion de datos.,hacer proyectos en conjunto y aprender
118,1,2024-10-05,07/03/1996,28,peru,desarrollador y docente de inteligencia artificial,inteligencia artificial,economia,machine learning,procesamiento de lenguaje natural,futuro de la inteligencia artificial,fomentar la ia en latinoamerica
119,1,2024-10-06,25/05/1974,50,chile,gerente de desarrollo,machine learning y deep learning,machine learning,procesamiento de lenguaje natural,trabajo con bases de posicionamiento espacial y coordenadas,tecnologias emergentes,mantenerme muy informado de nuevas tecnologias y algun desarrollo de alto impacto social
120,1,2024-10-06,28/09/2001,23,ecuador,"la verdad es que me gustan muchisimo los gatos y quisiera tener uno atigrado algun dia, cuando viva solo. me gusta bastante conocer a personas y siempre me dio curiosidad el poder que tiene la computadora para cambiar el mundo. esto de la inteligencia artificial me parecio muy loco y me meti a investigarle de lleno. estudiare una tecnologia en desarrollo de software que, a diferencia de la ingenieria, dura dos anos y es intensiva, teniendo que ir a clase hasta los sabados, pero mejor. la verdad, no me gusta estar mucho tiempo encerrado, asi que me gustan las reuniones, la fiesta, la musica. me gustan los tatuajes y tengo en el brazo izquierdo una guitarrita. soy amante de la psicodelia y de la musica electronica; realmente me fascina y quisiera ser dj algun dia. me gusta muchisimo la bicicleta (obviamente bicicleta doble, porque sino, le choco). quisiera viajar por toda latinoamerica en bici como mochilero. tambien me gusta mucho que la gente aprenda y le quite el complejo a las cosas, asi que me apasiona dar conferencias, entrevistas.  si es posible, hasta me paro en un parque, a lo predicador, con un microfono y hablo, pero me encanta dar retroalimentacion. me siento muy comodo. de vez en cuando doy clases de portugues y de ingles. quiero empezar a dar clases de guitarra, pero todo se va puliendo. y es loco conocer a gente genial en este finito camino de la vida. gracias.","me parece que lo mio es mas desarrollo de software, aunque siempre me ha gustado cubrir varias facetas porque, claro, mientras mas conoces, puedes conversar mas y conocer nuevas ideas desde cualquier rincon del mundo.",quisiera especializarme en entrenamiento de modelos de lenguaje y en inteligencia artificial generativa en general.,procesamiento de lenguage natural.,"bueno creo que la antropologia digital, me interesa todo, y quiero conocer a gente de todo ambito. al complementarse salen los mejores equipos multidisciplinarios","bueno me encanta la bicicleta, quisiera ciclear y recorrer toda latam en bici","bueno quisiera lograr dirigir alguna empresa la verdad, luego pues quisiera aislarme en una tribu lejana y documentar todas las costumbres que tienen ellos, y si se encuentra una tribu mejor para no cristianizarles, sino educarles en artes liberales"
121,1,2024-10-06,19/05/2001,23,peru,analista de datos tributarios,ciencia politica,economia,machine learning,econometria,por el momento no,crear una comunidad gigante
122,1,2024-10-07,24/05/1986,38,chile,ingeniero comercial,capacitacion,analista de datos,"estoy conociendo aun, ninguna en especifico","estoy conociendo aun, ninguna en especifico","estoy conociendo aun, ninguna en especifico",aprender mas de analisis de datos
123,1,2024-10-07,08/10/1984,40,peru,ingeniero de procesos,gestion de procesos,mecanica de mantenimiento,machine learning,innovacion agricolas,computing vision,colaboracion
124,1,2024-10-07,14/04/1981,43,ecuador,"biologo, permacultor, astrobiologo, profesor de ciencias e idiomas, etnobguia turistico cosmico, musico, carpintero, pensador critico - filosofo, diseno de ecosistemas","astrobiologia, diseno de ecosistemas, etnobotanica",ia,procesamiento de lenguaje natural,"innovacion de la salud, desarrollo de ecosistemas digitales","ia en las ciencias sociales, tecnologias emergentes, blockchain, ia en la pedagogia","interdependencia comunitaria del siglo xxi, ideal interplanetario - estacion espacial anarquista"
125,1,2024-10-07,14/12/1999,24,venezuela,especialista de soporte,analisis de datos,ciberseguridad,"big data, ingenieria de datos",gobernanza de datos,impacto de la ia en las ciencias de la salud,avanzar y crecer en este campo
